Target,Host,Code,Len,Title,置信度,智能诊断
https://112.74.178.13:443,yunyinetwork.cn,200,78878,云艺网络,✅ 高危,业务标题实质变更: [无标题] -> [云艺网络]
https://112.74.178.13:443,yunyinetwork.cn:443,200,78878,云艺网络,✅ 高危,业务标题实质变更: [无标题] -> [云艺网络]
https://112.74.178.13,yunyinetwork.cn,200,78878,云艺网络,✅ 高危,业务标题实质变更: [无标题] -> [云艺网络]
https://112.74.178.114,bwyc.waimaimingtang.com,200,9029,霸王餐,✅ 高危,业务标题实质变更: [外卖名堂-外卖运营服务体系开创者，领先的代运营服务商] -> [霸王餐]
https://112.74.178.114,privacy.waimaimingtang.com,403,146,403 Forbidden,ℹ️ 低危,状态码异动: 200 -> 403
https://112.74.178.114,wmh5.waimaimingtang.com,200,9439,霸王餐,✅ 高危,业务标题实质变更: [外卖名堂-外卖运营服务体系开创者，领先的代运营服务商] -> [霸王餐]
https://112.74.178.114:443,wmh5.waimaimingtang.com,200,9439,霸王餐,✅ 高危,业务标题实质变更: [外卖名堂-外卖运营服务体系开创者，领先的代运营服务商] -> [霸王餐]
https://112.74.178.114:443,bwyc.waimaimingtang.com,200,9029,霸王餐,✅ 高危,业务标题实质变更: [外卖名堂-外卖运营服务体系开创者，领先的代运营服务商] -> [霸王餐]
https://112.74.178.114:443,bwyc.waimaimingtang.com:443,200,9029,霸王餐,✅ 高危,业务标题实质变更: [外卖名堂-外卖运营服务体系开创者，领先的代运营服务商] -> [霸王餐]
https://112.74.178.114:443,privacy.waimaimingtang.com,503,190,503 Service Temporarily Unavailable,✅ 高危,业务标题实质变更: [外卖名堂-外卖运营服务体系开创者，领先的代运营服务商] -> [503 Service Temporarily Unavailable]
https://112.74.178.114:443,privacy.waimaimingtang.com:443,503,190,503 Service Temporarily Unavailable,✅ 高危,业务标题实质变更: [外卖名堂-外卖运营服务体系开创者，领先的代运营服务商] -> [503 Service Temporarily Unavailable]
https://112.74.178.114:443,wmh5.waimaimingtang.com:443,200,9439,霸王餐,✅ 高危,业务标题实质变更: [外卖名堂-外卖运营服务体系开创者，领先的代运营服务商] -> [霸王餐]
https://112.74.178.13,yunyinetwork.cn,200,78878,云艺网络,✅ 高危,业务标题实质变更: [无标题] -> [云艺网络]
https://112.74.178.13:443,yunyinetwork.cn:443,200,78878,云艺网络,✅ 高危,业务标题实质变更: [无标题] -> [云艺网络]
https://112.74.178.13:443,yunyinetwork.cn,200,78878,云艺网络,✅ 高危,业务标题实质变更: [无标题] -> [云艺网络]
